{
  "Pantheon+": {
    "sigma_phi": 0.013913051532569057,
    "D": 0.00019357300294792112,
    "p_pivot": 0.5055437582056165,
    "z_bins": [
      0.0,
      0.3,
      0.6,
      1.0,
      1.5
    ],
    "bin_pivot": "w_bin2",
    "bins_below_minus1": {
      "w_bin2": -1.0158451006217573
    }
  }
}